producto,precio
Llavero Colgante Miffy Sintético 16 cm,129
Llavero Colgante Miffy Sintético Multicolor 12 cm,129
Llavero Antiestrés Miffy Sintético 13 cm Pizarra Magnética,129
Charm Decorativo Tipo Colgante Miffy Minidots Sintético 6 cm,99
Charm Decorativo Tipo Colgante Miffy Minidots Sintética Amarilla 6 cm,99
Charm Decorativo Tipo Colgante Miffy Minidots Sintético Azul 6 cm,99
Set Charms Decorativos 4 en 1 Miffy Minidots Sintéticas Amarilla 13.5 cm 4 Piezas,149
Set Charms Decorativos 4 en 1 Miffy Minidots Sintéticas Multicolor 15 cm 4 Piezas,149
Set Charms Decorativos 4 en 1 Miffy Minidots Sintéticas Azul 13.5 cm 4 Piezas,149
Peluche Postura Sentada Miffy Felpa Blanco 31x21 cm Decorativo,269
Peluche Melanie Postura Sentada Miffy Felpa Café 30x21 cm Decorativo,269
Taza Con Tapa Miffy Cerámica Blanca 420 ml,249
